{
  "__comment": "Made with TheDestruc7i0n's advancements generator: https://advancements.thedestruc7i0n.ca",
  "display": {
    "title": {
      "text": "Head Stomp",
      "color": "#bbb9d4"
    },
    "description": {
        "text": "Shoot a player while falling",
        "color": "white"
    },
    "icon": {
      "id": "minecraft:bow",
      "components": {
        "minecraft:custom_model_data": {"strings":["74"]}
      }
    },
    "frame": "task",
    "show_toast": true,
    "announce_to_chat": false,
    "hidden": false
  },
  "criteria": {
    "tinyt": {
      "trigger": "minecraft:impossible"
    }
  },
  "parent": "advancements:general/antiair"
}
