{
  "__comment": "Made with TheDestruc7i0n's advancements generator: https://advancements.thedestruc7i0n.ca",
  "display": {
    "title": {
      "text": "Warrior",
      "color": "#7eaad7"
    },
    "description": {
      "text": "Get 50 kills",
      "color": "white"
    },
    "icon": {
      "id": "minecraft:bow",
      "components": {
        "minecraft:custom_model_data": {"strings":["28"]}
      }
    },
    "frame": "task",
    "show_toast": true,
    "announce_to_chat": false,
    "hidden": false
  },
  "criteria": {
    "kills2": {
      "trigger": "minecraft:impossible"
    }
  },
  "parent": "advancements:general/kills1"
}
