{
  "__comment": "Made with TheDestruc7i0n's advancements generator: https://advancements.thedestruc7i0n.ca",
  "display": {
    "title": {
      "text": "Basically an expert",
      "color": "#a96abb"
    },
    "description": {
        "text": "Play 10 games",
        "color": "white"
    },
    "icon": {
      "id": "minecraft:bow",
      "components": {
        "minecraft:custom_model_data": {"strings":["78"]}
      }
    },
    "frame": "task",
    "show_toast": true,
    "announce_to_chat": false,
    "hidden": false
  },
  "criteria": {
    "tinyt": {
      "trigger": "minecraft:impossible"
    }
  },
  "parent": "advancements:root_2"
}
