{
  "__comment": "Made with TheDestruc7i0n's advancements generator: https://advancements.thedestruc7i0n.ca",
  "display": {
    "title": {
      "text": "Real Time",
      "color": "#b9d3d4"
    },
    "description": {
        "text": "Shoot a glowing player",
        "color": "white"
    },
    "icon": {
      "id": "minecraft:bow",
      "components": {
        "minecraft:custom_model_data": {"strings":["45"]}
      }
    },
    "frame": "task",
    "show_toast": true,
    "announce_to_chat": false,
    "hidden": false
  },
  "criteria": {
    "tinyt": {
      "trigger": "minecraft:impossible"
    }
  },
  "parent": "advancements:general/headstomp"
}
