{
  "__comment": "Made with TheDestruc7i0n's advancements generator: https://advancements.thedestruc7i0n.ca",
  "display": {
    "title": {
      "text": "Local Hero",
      "color": "#d1d1d1"
    },
    "description": {
        "text": "Win on Tiny Town",
        "color": "white"
    },
    "icon": {
      "id": "minecraft:bow",
      "components": {
        "minecraft:custom_model_data": {"strings":["79"]}
      }
    },
    "frame": "task",
    "show_toast": true,
    "announce_to_chat": false,
    "hidden": false
  },
  "criteria": {
    "tinyt": {
      "trigger": "minecraft:impossible"
    }
  },
  "parent": "advancements:general/win"
}
