{
  "__comment": "Made with TheDestruc7i0n's advancements generator: https://advancements.thedestruc7i0n.ca",
  "display": {
    "title": {
      "text": "Codes",
      "color": "#ffffff"
    },
    "description": {
      "text": "Unlock: 632\n\nAdvancements: 633\n\nReset Progress: 234",
      "color": "dark_gray"
    },
    "icon": {
      "id": "minecraft:paper"
    },
    "frame": "task",
    "show_toast": false,
    "announce_to_chat": false,
    "hidden": true
  },
  "criteria": {
    "can": {
      "trigger": "minecraft:impossible"
    }
  },
  "parent": "advancements:collection/all"
}
