{
  "__comment": "Made with TheDestruc7i0n's advancements generator: https://advancements.thedestruc7i0n.ca",
  "display": {
    "title": {
      "text": "General",
      "color": "gold"
    },
    "description": {
      "text": "Let the games begin",
      "color": "white"
    },
    "icon": {
      "id": "minecraft:bow"
    },
    "frame": "goal",
    "show_toast": false,
    "announce_to_chat": false,
    "hidden": false,
    "background": "minecraft:gui/advancements/backgrounds/stone"
  },
  "criteria": {
    "warrior": {
      "trigger": "minecraft:tick"
    }
  }
}
