{
  "__comment": "Made with TheDestruc7i0n's advancements generator: https://advancements.thedestruc7i0n.ca",
  "display": {
    "title": {
      "text": "The Idea Guy",
      "color": "#a49882"
    },
    "description": {
      "text": "Create and play a custom loadout using preset 0",
      "color": "white"
    },
    "icon": {
      "id": "minecraft:bow",
      "components": {
        "minecraft:custom_model_data": {"strings":["55"]}
      }
    },
    "frame": "task",
    "show_toast": true,
    "announce_to_chat": false,
    "hidden": false
  },
  "criteria": {
    "can": {
      "trigger": "minecraft:impossible"
    }
  },
  "parent": "advancements:root_3"
}
