{
  "__comment": "Made with TheDestruc7i0n's advancements generator: https://advancements.thedestruc7i0n.ca",
  "display": {
    "title": {
      "text": "Shootout",
      "color": "#a4a382"
    },
    "description": {
      "text": "Win at team deathmatch",
      "color": "white"
    },
    "icon": {
      "id": "minecraft:bow",
      "components": {
        "minecraft:custom_model_data": {"strings":["19"]}
      }
    },
    "frame": "task",
    "show_toast": true,
    "announce_to_chat": false,
    "hidden": false
  },
  "criteria": {
    "can": {
      "trigger": "minecraft:impossible"
    }
  },
  "parent": "advancements:tmi/point"
}
