{
  "__comment": "Made with TheDestruc7i0n's advancements generator: https://advancements.thedestruc7i0n.ca",
  "display": {
    "title": {
      "text": "Juggernaut",
      "color": "#9082a4"
    },
    "description": {
      "text": "Have 10 or more armor at once",
      "color": "white"
    },
    "icon": {
      "id": "minecraft:bow",
      "components": {
        "minecraft:custom_model_data": {"strings":["44"]}
      }
    },
    "frame": "task",
    "show_toast": true,
    "announce_to_chat": false,
    "hidden": false
  },
  "criteria": {
    "can": {
      "trigger": "minecraft:impossible"
    }
  },
  "parent": "advancements:tmi/boost"
}
