{
  "__comment": "Made with TheDestruc7i0n's advancements generator: https://advancements.thedestruc7i0n.ca",
  "display": {
    "title": {
      "text": "Taunt",
      "color": "#c9c9c9"
    },
    "description": {
      "text": "Shoot a player head",
      "color": "white"
    },
    "icon": {
      "id": "minecraft:bow",
      "components": {
        "minecraft:custom_model_data": {"strings":["63"]}
      }
    },
    "frame": "task",
    "show_toast": true,
    "announce_to_chat": false,
    "hidden": false
  },
  "criteria": {
    "ted": {
      "trigger": "minecraft:impossible"
    }
  },
  "parent": "advancements:lobby/fish"
}
