{
  "__comment": "Made with TheDestruc7i0n's advancements generator: https://advancements.thedestruc7i0n.ca",
  "display": {
    "title": {
      "text": "All Two of Clubs",
      "color": "#b243b6"
    },
    "description": {
      "text": "Play poker with Ted",
      "color": "white"
    },
    "icon": {
      "id": "minecraft:bow",
      "components": {
        "minecraft:custom_model_data": {"strings":["38"]}
      }
    },
    "frame": "task",
    "show_toast": true,
    "announce_to_chat": false,
    "hidden": false
  },
  "criteria": {
    "ted": {
      "trigger": "minecraft:impossible"
    }
  },
  "parent": "advancements:lobby/can"
}
