{
  "__comment": "Made with TheDestruc7i0n's advancements generator: https://advancements.thedestruc7i0n.ca",
  "display": {
    "title": {
      "text": "Master Player",
      "color": "#deecef"
    },
    "description": {
      "text": "Reach 600 rank\n(use tab in lobby to check rank)",
      "color": "white"
    },
    "icon": {
      "id": "minecraft:bow",
      "components": {
        "minecraft:custom_model_data": {"strings":["75"]}
      }
    },
    "frame": "task",
    "show_toast": true,
    "announce_to_chat": false,
    "hidden": false
  },
  "criteria": {
    "elo2": {
      "trigger": "minecraft:impossible"
    }
  },
  "parent": "advancements:ctf/elo1"
}
