{
  "__comment": "Made with TheDestruc7i0n's advancements generator: https://advancements.thedestruc7i0n.ca",
  "display": {
    "title": {
      "text": "Block This",
      "color": "#81c4b1"
    },
    "description": {
        "text": "Kill an armored opponent with a trap/mini tnt",
        "color": "white"
    },
    "icon": {
      "id": "minecraft:bow",
      "components": {
        "minecraft:custom_model_data": {"strings":["67"]}
      }
    },
    "frame": "task",
    "show_toast": true,
    "announce_to_chat": false,
    "hidden": false
  },
  "criteria": {
    "tinyt": {
      "trigger": "minecraft:impossible"
    }
  },
  "parent": "advancements:ctf/ger"
}
